,Brainstem,Cecum,Colon,Colon Content,Cortex,Duodenum,Duodenum Content,Nigra,Plasma,Striatum
TMAO,1,0,1,0,1,1,0,1,1,1
TMCA,1,0,1,1,0,1,1,0,1,1
Cer(d18:2/14:0),1,1,0,1,0,0,1,0,0,0
Cer(d18:0/18:0),1,1,0,0,0,0,0,1,0,0
Ind-SO4,1,0,1,0,0,1,0,0,1,0
C0,0,1,0,1,0,0,0,0,0,0
C3,0,1,1,0,0,0,1,0,1,0
C3-DC (C4-OH),0,1,1,1,0,0,0,0,1,0
C3-OH,0,1,0,1,0,0,0,0,0,0
C5,0,1,0,1,0,0,1,1,0,0
C5-OH (C3-DC-M),0,1,1,1,1,0,0,1,0,0
C5:1,0,1,0,1,0,0,0,0,0,0
C5:1-DC,0,1,0,1,0,0,0,0,0,0
C10:2,0,1,0,1,0,0,0,0,0,0
C14,0,1,0,1,0,0,0,1,0,0
C14:1,0,1,0,1,0,0,1,1,0,0
C14:1-OH,0,1,0,1,0,0,1,0,0,0
C14:2,0,1,0,1,0,0,0,0,0,0
C14:2-OH,0,1,0,1,0,0,1,0,0,0
C16,0,1,0,1,0,0,0,0,0,0
C16-OH,0,1,0,1,0,0,0,0,0,0
C16:1,0,1,0,1,0,0,1,0,0,0
C16:1-OH,0,1,0,1,0,0,0,0,0,0
C16:2,0,1,0,1,0,0,0,0,0,0
C16:2-OH,0,1,0,1,0,0,1,0,0,0
C18,0,1,0,1,0,0,0,0,0,0
3-Met-His,0,1,1,0,0,1,0,0,1,1
5-AVA,0,1,1,1,0,0,0,0,0,0
AABA,0,1,1,1,0,0,1,0,0,0
Ac-Orn,0,1,0,1,0,0,0,0,0,0
ADMA,0,1,1,1,0,0,0,0,0,0
Anserine,0,1,0,1,1,0,0,1,0,0
Cit,0,1,1,0,0,0,1,0,1,0
Creatinine,0,1,1,1,0,1,1,0,1,0
Cystine,0,1,0,1,0,0,0,0,0,0
DOPA,0,1,0,1,0,0,0,0,0,0
HCys,0,1,0,1,0,0,0,0,0,0
Met-SO,0,1,1,1,0,0,0,0,0,0
Orn,0,1,0,0,0,0,0,0,0,0
ProBetaine,0,1,0,1,1,0,0,0,0,0
Sarcosine,0,1,1,1,0,0,0,0,0,0
t4-OH-Pro,0,1,1,1,1,1,0,1,1,1
Taurine,0,1,1,0,0,0,1,1,0,0
Arg,0,1,1,1,1,0,0,1,0,0
Asn,0,1,1,1,1,0,0,0,0,0
Cys,0,1,0,1,0,0,0,0,0,0
Gln,0,1,0,1,0,0,0,0,0,0
Glu,0,1,0,1,1,0,0,1,1,0
Gly,0,1,1,1,1,0,0,0,0,0
His,0,1,1,1,0,0,0,0,0,0
Ile,0,1,1,1,1,0,0,1,1,0
Leu,0,1,1,1,1,0,0,0,1,0
Lys,0,1,1,1,0,0,0,1,0,0
Phe,0,1,1,1,0,0,0,0,0,0
Pro,0,1,1,1,1,0,0,1,0,0
Ser,0,1,1,1,0,0,0,0,0,0
Thr,0,1,1,1,0,0,0,1,0,0
Trp,0,1,1,1,0,0,0,0,1,0
Tyr,0,1,1,1,0,0,0,0,0,0
Val,0,1,1,1,1,0,0,1,1,0
CA,0,1,1,1,0,1,1,0,1,0
CDCA,0,1,1,0,0,1,0,0,0,0
DCA,0,1,1,1,0,1,1,0,1,0
GCA,0,1,0,0,0,1,1,0,0,0
GCDCA,0,1,0,0,0,0,0,0,0,0
GDCA,0,1,1,1,0,1,1,0,0,0
TCA,0,1,0,1,0,0,0,0,1,0
TDCA,0,1,1,0,0,1,1,0,1,0
TLCA,0,1,1,1,0,1,1,0,0,0
beta-Ala,0,1,1,1,0,1,0,0,0,1
Dopamine,0,1,0,0,0,0,0,0,0,0
Putrescine,0,1,0,0,0,0,0,1,0,0
Serotonin,0,1,1,1,0,0,0,0,0,0
Spermidine,0,1,0,0,0,0,0,1,0,0
H1,0,1,0,1,0,1,0,0,0,0
AconAcid,0,1,0,1,0,0,0,0,0,0
DiCA(12:0),0,1,0,1,0,0,0,0,0,0
DiCA(14:0),0,1,0,0,0,0,0,0,0,0
Lac,0,1,0,1,0,1,0,0,0,0
OH-GlutAcid,0,1,0,1,0,0,1,0,0,0
Suc,0,1,1,1,0,1,0,0,0,0
Cer(d18:1/14:0),0,1,0,1,0,1,1,0,0,0
Cer(d18:1/20:0(OH)),0,1,0,1,0,0,0,0,0,0
Cer(d18:1/24:1),0,1,0,0,0,0,0,0,0,0
Cer(d18:2/18:1),0,1,1,1,0,1,1,0,0,0
CE(14:1),0,1,0,0,0,0,0,0,0,0
CE(15:0),0,1,0,0,0,0,0,0,0,0
DG(14:0_18:2),0,1,0,0,0,0,1,0,0,0
DG(16:0_20:0),0,1,0,0,0,0,0,0,0,0
DG(17:0_18:1),0,1,0,0,0,0,0,1,0,0
DG(18:1_20:2),0,1,0,1,0,0,1,0,1,0
DG(21:0_22:6),0,1,0,1,0,0,0,0,0,0
DG-O(14:0_18:2),0,1,0,0,0,0,0,0,0,0
Hex2Cer(d18:1/14:0),0,1,0,1,0,0,1,0,0,0
Hex2Cer(d18:1/26:1),0,1,0,0,0,0,0,0,0,0
Cer(d18:0/18:0(OH)),0,1,0,1,0,0,0,0,0,0
Cer(d18:0/24:0),0,1,0,1,1,0,0,0,0,0
Cer(d18:0/26:1(OH)),0,1,0,0,0,0,0,0,0,0
EPA,0,1,1,0,1,1,0,1,1,1
FA(18:1),0,1,0,0,1,0,0,1,0,0
FA(18:2),0,1,0,0,0,0,0,0,0,0
FA(20:3),0,1,0,1,0,0,0,0,0,0
HexCer(d16:1/24:0),0,1,0,0,0,0,0,0,0,0
HexCer(d18:1/16:0),0,1,0,1,0,0,1,0,1,0
HexCer(d18:1/22:0),0,1,0,1,0,0,0,0,0,0
HexCer(d18:1/24:1),0,1,0,1,1,0,1,0,0,0
HexCer(d18:2/20:0),0,1,0,1,0,0,0,0,0,0
3-IAA,0,1,1,1,0,1,0,0,0,0
3-IPA,0,1,1,1,0,0,0,0,1,0
lysoPC a C16:0,0,1,1,0,0,0,0,1,0,0
lysoPC a C24:0,0,1,0,1,0,0,0,0,1,0
lysoPC a C26:0,0,1,0,1,0,0,1,0,0,0
lysoPC a C26:1,0,1,0,1,0,0,1,0,0,0
lysoPC a C28:1,0,1,0,0,0,0,0,0,0,0
Hypoxanthine,0,1,0,1,0,0,1,0,0,0
PC aa C28:1,0,1,0,0,0,0,0,0,0,0
PC aa C32:0,0,1,0,0,0,0,0,0,0,0
PC aa C32:3,0,1,1,0,0,0,1,0,0,0
PC aa C34:1,0,1,0,0,0,1,0,0,0,0
PC aa C34:2,0,1,1,0,0,0,0,0,0,0
PC aa C36:1,0,1,0,0,0,0,0,0,1,0
PC aa C36:2,0,1,0,0,0,0,0,0,0,0
PC aa C36:3,0,1,1,0,0,0,0,0,0,0
PC aa C36:4,0,1,0,0,0,0,0,0,0,0
PC aa C36:5,0,1,1,1,0,1,0,0,1,0
PC aa C36:6,0,1,0,0,0,1,0,1,1,0
PC aa C38:3,0,1,0,0,0,0,0,0,0,0
PC aa C38:4,0,1,0,0,0,0,0,0,0,0
PC aa C38:5,0,1,0,0,0,0,0,0,1,0
PC aa C38:6,0,1,0,0,0,0,0,0,1,0
PC aa C40:3,0,1,1,0,0,0,0,0,1,0
PC aa C40:4,0,1,0,0,0,1,0,0,1,0
PC aa C42:1,0,1,0,0,1,0,1,0,0,0
PC ae C30:1,0,1,1,1,0,0,1,0,1,0
PC ae C32:1,0,1,0,1,0,0,0,0,0,0
PC ae C34:0,0,1,0,0,0,0,0,0,0,0
PC ae C34:1,0,1,0,0,0,0,0,0,0,0
PC ae C34:3,0,1,1,0,0,0,1,0,0,0
PC ae C36:5,0,1,0,1,0,1,0,0,1,0
PC ae C38:2,0,1,1,0,0,0,0,0,0,0
PC ae C38:3,0,1,1,0,0,0,0,0,0,0
PC ae C38:4,0,1,1,0,0,0,0,0,0,0
PC ae C38:5,0,1,0,0,0,0,0,0,1,0
PC ae C38:6,0,1,0,0,0,0,0,0,1,0
PC ae C40:1,0,1,0,0,0,0,0,0,0,0
PC ae C40:2,0,1,0,0,0,0,0,0,0,0
PC ae C40:5,0,1,0,0,0,1,0,1,1,0
PC ae C40:6,0,1,0,0,0,1,0,0,1,0
PC ae C42:3,0,1,0,0,0,0,0,0,0,0
SM (OH) C22:2,0,1,1,0,0,0,0,0,0,0
SM C20:2,0,1,1,1,0,0,1,0,0,0
SM C26:0,0,1,0,1,0,0,0,0,0,0
SM C26:1,0,1,0,1,0,0,0,0,0,0
TG(14:0_32:2),0,1,0,0,0,0,0,0,0,0
TG(14:0_34:1),0,1,0,0,0,0,0,0,0,0
TG(14:0_34:3),0,1,0,0,0,0,1,0,0,0
TG(16:0_37:3),0,1,0,0,0,0,0,0,0,0
TG(16:0_38:6),0,1,0,0,0,0,0,0,0,0
TG(17:0_36:4),0,1,0,1,0,0,0,0,0,0
TG(17:1_34:3),0,1,0,0,0,0,0,0,0,0
TG(18:0_36:4),0,1,0,0,0,0,0,0,0,0
TG(18:0_36:5),0,1,0,0,0,0,0,0,0,0
TG(18:2_34:4),0,1,0,0,0,0,0,0,0,0
TG(18:2_38:6),0,1,0,0,0,0,0,0,0,0
TG(18:3_30:0),0,1,0,0,0,0,0,0,0,0
TG(20:1_26:1),0,1,0,0,0,0,0,0,0,0
TG(20:1_30:1),0,1,0,0,0,0,0,0,0,0
TG(20:1_32:1),0,1,0,0,0,0,0,0,0,0
TG(20:1_34:3),0,1,0,0,0,0,0,0,0,0
TG(20:2_34:3),0,1,0,1,1,0,0,0,0,0
TG(20:3_34:1),0,1,0,0,0,1,0,0,0,0
TG(20:4_30:0),0,1,0,0,0,0,1,0,1,0
TG(20:4_33:2),0,1,0,0,0,0,0,0,0,0
TG(20:4_34:3),0,1,0,0,0,0,0,0,0,0
TG(20:5_36:3),0,1,0,0,0,0,0,0,0,0
TG(22:1_32:5),0,1,0,1,0,0,0,0,0,0
Choline,0,1,0,1,0,0,0,0,0,0
C4,0,0,1,0,0,0,1,0,0,0
C6 (C4:1-DC),0,0,1,0,0,0,0,0,0,0
Betaine,0,0,1,0,0,0,0,0,0,0
Met,0,0,1,1,0,0,0,0,0,0
TCDCA,0,0,1,1,0,0,0,0,0,0
GABA,0,0,1,0,0,0,0,0,0,0
Spermine,0,0,1,0,0,0,0,0,1,0
Cer(d18:2/18:0),0,0,1,0,0,1,0,0,0,0
Cer(d18:2/20:0),0,0,1,0,0,1,1,0,0,0
Cer(d18:2/22:0),0,0,1,0,0,1,0,0,0,0
Cer(d18:2/23:0),0,0,1,0,0,0,1,0,0,0
Cer(d18:2/24:1),0,0,1,0,0,1,0,0,0,0
DG(16:1_18:1),0,0,1,0,0,0,0,0,0,0
Cer(d18:0/24:1),0,0,1,1,0,0,1,0,0,0
Cer(d18:0/26:1),0,0,1,0,0,0,0,0,0,0
DHA,0,0,1,1,0,0,0,1,1,0
HexCer(d18:1/14:0),0,0,1,1,0,0,0,0,0,0
HexCer(d18:2/24:0),0,0,1,0,1,0,0,0,0,0
lysoPC a C17:0,0,0,1,0,0,0,0,1,0,0
lysoPC a C28:0,0,0,1,0,0,0,0,0,0,0
PC aa C24:0,0,0,1,0,0,0,0,0,0,0
PC aa C30:2,0,0,1,0,0,0,0,0,0,0
PC aa C32:2,0,0,1,0,0,0,0,0,0,1
PC aa C34:3,0,0,1,0,0,0,0,0,0,1
PC aa C34:4,0,0,1,0,0,0,0,0,1,0
PC aa C40:2,0,0,1,0,0,0,0,0,0,0
PC ae C30:2,0,0,1,0,0,0,0,0,0,0
PC ae C32:2,0,0,1,1,0,0,0,0,1,0
PC ae C36:1,0,0,1,0,0,0,0,0,0,0
PC ae C36:2,0,0,1,0,0,1,0,0,0,0
PC ae C36:3,0,0,1,1,0,0,0,0,0,0
PC ae C36:4,0,0,1,1,0,0,0,0,0,0
PC ae C38:0,0,0,1,0,0,1,0,0,1,0
PC ae C40:3,0,0,1,0,0,0,0,0,0,0
PC ae C42:2,0,0,1,0,0,0,0,0,0,0
SM C16:1,0,0,1,0,0,0,1,0,0,0
SM C18:1,0,0,1,0,0,1,1,0,0,0
SM C22:3,0,0,1,0,0,1,0,0,0,0
TG(17:2_36:2),0,0,1,1,0,0,0,0,0,0
TG(18:2_36:5),0,0,1,1,0,0,0,0,0,0
TG(18:3_33:2),0,0,1,0,0,0,1,0,0,0
TG(18:3_36:4),0,0,1,0,0,0,0,0,0,0
C18:1-OH,0,0,0,1,0,0,0,0,0,0
alpha-AAA,0,0,0,1,0,0,0,0,0,0
Asp,0,0,0,1,0,0,0,1,0,0
Histamine,0,0,0,1,0,0,0,0,0,0
Cer(d16:1/18:0),0,0,0,1,0,0,1,0,0,0
Cer(d16:1/24:0),0,0,0,1,0,0,0,0,0,0
Cer(d18:1/26:1),0,0,0,1,0,0,0,0,0,0
CE(16:1),0,0,0,1,0,0,0,0,0,0
CE(20:0),0,0,0,1,0,0,1,0,0,0
CE(22:6),0,0,0,1,0,0,1,0,0,0
DG(14:1_18:1),0,0,0,1,0,0,0,0,0,0
DG(18:2_18:2),0,0,0,1,0,0,1,0,0,0
DG(18:2_18:3),0,0,0,1,0,0,1,0,0,0
DG(18:2_18:4),0,0,0,1,0,0,0,0,0,0
DG(18:2_20:0),0,0,0,1,0,0,0,0,0,0
DG(18:3_20:2),0,0,0,1,0,0,0,0,0,0
DG(22:1_22:2),0,0,0,1,0,0,0,0,1,0
DG-O(16:0_20:4),0,0,0,1,0,0,1,0,0,0
Hex2Cer(d18:1/16:0),0,0,0,1,0,0,0,0,1,0
Hex2Cer(d18:1/18:0),0,0,0,1,1,0,0,0,0,0
Hex2Cer(d18:1/24:1),0,0,0,1,0,1,0,0,0,0
Cer(d18:0/22:0),0,0,0,1,0,0,0,0,0,1
HexCer(d16:1/22:0),0,0,0,1,0,0,0,0,0,0
HexCer(d18:1/18:0),0,0,0,1,1,0,0,0,0,0
HexCer(d18:1/20:0),0,0,0,1,0,0,0,0,0,0
HexCer(d18:1/23:0),0,0,0,1,0,0,0,0,0,0
HexCer(d18:1/24:0),0,0,0,1,1,0,0,0,1,0
HexCer(d18:1/26:1),0,0,0,1,1,0,0,0,0,0
HexCer(d18:2/18:0),0,0,0,1,0,0,0,0,0,0
HexCer(d18:2/22:0),0,0,0,1,0,0,0,0,0,0
HexCer(d18:2/23:0),0,0,0,1,0,0,0,0,0,0
lysoPC a C18:2,0,0,0,1,0,0,0,0,0,0
Xanthine,0,0,0,1,0,0,0,0,0,0
PC ae C34:2,0,0,0,1,0,0,0,0,0,0
PC ae C40:4,0,0,0,1,0,0,1,0,0,0
SM (OH) C24:1,0,0,0,1,0,1,0,0,0,0
SM C24:1,0,0,0,1,0,1,0,0,0,0
TG(14:0_36:4),0,0,0,1,0,0,0,0,0,0
TG(16:0_36:5),0,0,0,1,0,0,0,0,0,0
TG(16:0_40:7),0,0,0,1,1,0,0,0,1,0
TG(17:1_38:6),0,0,0,1,0,0,0,0,0,0
TG(17:2_36:3),0,0,0,1,0,0,0,0,0,0
TG(18:0_34:3),0,0,0,1,0,0,0,0,0,0
TG(18:1_30:0),0,0,0,1,0,0,0,0,0,0
TG(18:1_36:1),0,0,0,1,0,0,0,0,0,0
TG(18:2_35:2),0,0,0,1,0,0,0,0,0,0
TG(18:2_36:3),0,0,0,1,0,0,0,0,0,0
TG(20:3_32:2),0,0,0,1,0,0,0,0,0,0
TG(22:0_32:4),0,0,0,1,0,0,1,0,0,0
TG(22:2_32:4),0,0,0,1,0,0,0,0,0,0
Hex3Cer(d18:1/26:1),0,0,0,1,0,0,0,0,0,0
Hex3Cer(d18:1_22:0),0,0,0,1,0,0,0,0,0,0
TG(14:0_40:5),0,0,0,1,0,0,0,0,0,0
Trigonelline,0,0,0,0,1,0,0,0,0,0
Ala,0,0,0,0,1,0,0,0,0,0
Cer(d18:1/18:1),0,0,0,0,1,0,1,0,0,0
Cer(d18:1/20:0),0,0,0,0,1,0,0,0,0,0
Cer(d18:1/24:0),0,0,0,0,1,0,0,0,0,0
Cer(d18:1/25:0),0,0,0,0,1,0,0,0,0,0
Hex2Cer(d18:1/22:0),0,0,0,0,1,0,0,0,0,0
AA,0,0,0,0,1,0,0,0,0,0
HexCer(d18:1/18:1),0,0,0,0,1,0,0,0,1,0
HexCer(d18:1/26:0),0,0,0,0,1,0,0,0,0,0
PC aa C40:1,0,0,0,0,1,0,0,0,0,0
PC ae C44:4,0,0,0,0,1,0,0,0,0,0
TG(16:0_40:6),0,0,0,0,1,0,0,1,1,0
TG(18:3_35:2),0,0,0,0,1,0,0,0,0,0
TG(20:4_36:2),0,0,0,0,1,0,0,0,0,0
TG(22:6_32:1),0,0,0,0,1,0,0,0,1,0
TG(22:6_34:2),0,0,0,0,1,0,0,0,0,0
Hex3Cer(d18:1/18:0),0,0,0,0,1,0,0,0,0,0
HipAcid,0,0,0,0,0,1,0,0,1,0
Cer(d18:2/24:0),0,0,0,0,0,1,0,0,0,0
Hex2Cer(d18:1/24:0),0,0,0,0,0,1,0,0,0,0
PC aa C40:6,0,0,0,0,0,1,0,0,1,0
PC aa C42:4,0,0,0,0,0,1,0,0,1,0
PC ae C36:0,0,0,0,0,0,1,0,0,1,0
PC ae C42:1,0,0,0,0,0,1,0,0,0,0
SM C18:0,0,0,0,0,0,1,1,0,0,0
TG(14:0_36:3),0,0,0,0,0,1,0,0,0,0
TG(16:1_34:2),0,0,0,0,0,1,0,0,0,0
TG(17:1_34:2),0,0,0,0,0,1,0,0,0,0
C3:1,0,0,0,0,0,0,1,0,0,0
PEA,0,0,0,0,0,0,1,0,0,0
Cer(d18:1/26:0),0,0,0,0,0,0,1,0,0,0
CE(17:1),0,0,0,0,0,0,1,0,0,0
DG(16:0_18:2),0,0,0,0,0,0,1,0,0,1
DG(16:1_18:2),0,0,0,0,0,0,1,0,0,0
DG(18:1_18:1),0,0,0,0,0,0,1,0,0,0
DG(18:1_18:2),0,0,0,0,0,0,1,0,0,0
PC ae C30:0,0,0,0,0,0,0,1,0,0,1
PC ae C44:5,0,0,0,0,0,0,1,0,0,0
TG(16:0_33:2),0,0,0,0,0,0,1,0,0,0
TG(16:1_30:1),0,0,0,0,0,0,1,0,0,0
TG(18:1_33:2),0,0,0,0,0,0,1,0,0,0
TG(18:1_35:3),0,0,0,0,0,0,1,0,0,0
TG(18:2_30:1),0,0,0,0,0,0,1,0,0,0
TG(18:2_34:0),0,0,0,0,0,0,1,0,0,0
lysoPC a C16:1,0,0,0,0,0,0,0,1,0,0
lysoPC a C18:0,0,0,0,0,0,0,0,1,0,0
lysoPC a C18:1,0,0,0,0,0,0,0,1,0,0
TG(18:1_38:5),0,0,0,0,0,0,0,1,0,0
TG(22:4_32:0),0,0,0,0,0,0,0,1,0,0
C9,0,0,0,0,0,0,0,0,1,0
1-Met-His,0,0,0,0,0,0,0,0,1,0
Cer(d18:1/18:0),0,0,0,0,0,0,0,0,1,0
CE(14:0),0,0,0,0,0,0,0,0,1,0
CE(20:5),0,0,0,0,0,0,0,0,1,0
CE(22:5),0,0,0,0,0,0,0,0,1,0
p-Cresol-SO4,0,0,0,0,0,0,0,0,1,0
DG(18:1_20:1),0,0,0,0,0,0,0,0,1,0
DG(18:1_20:3),0,0,0,0,0,0,0,0,1,0
DG(18:1_22:6),0,0,0,0,0,0,0,0,1,0
PC aa C36:0,0,0,0,0,0,0,0,0,1,0
PC aa C38:0,0,0,0,0,0,0,0,0,1,0
PC aa C40:5,0,0,0,0,0,0,0,0,1,0
PC aa C42:2,0,0,0,0,0,0,0,0,1,0
PC aa C42:5,0,0,0,0,0,0,0,0,1,0
PC aa C42:6,0,0,0,0,0,0,0,0,1,1
PC ae C38:1,0,0,0,0,0,0,0,0,1,0
PC ae C42:4,0,0,0,0,0,0,0,0,1,0
PC ae C42:5,0,0,0,0,0,0,0,0,1,0
TG(14:0_34:0),0,0,0,0,0,0,0,0,1,0
TG(14:0_36:1),0,0,0,0,0,0,0,0,1,0
TG(17:1_38:7),0,0,0,0,0,0,0,0,1,0
TG(18:0_30:0),0,0,0,0,0,0,0,0,1,0
TG(18:0_30:1),0,0,0,0,0,0,0,0,1,0
TG(18:0_38:7),0,0,0,0,0,0,0,0,1,0
TG(18:1_38:6),0,0,0,0,0,0,0,0,1,0
TG(18:1_38:7),0,0,0,0,0,0,0,0,1,0
TG(20:4_32:0),0,0,0,0,0,0,0,0,1,0
TG(20:5_34:0),0,0,0,0,0,0,0,0,1,0
TG(20:5_34:1),0,0,0,0,0,0,0,0,1,0
TG(20:5_36:2),0,0,0,0,0,0,0,0,1,0
TG(22:5_34:1),0,0,0,0,0,0,0,0,1,0
TG(22:6_32:0),0,0,0,0,0,0,0,0,1,0
TG(22:6_34:1),0,0,0,0,0,0,0,0,1,0
Cer(d18:1/16:0),0,0,0,0,0,0,0,0,0,1
Cer(d18:2/16:0),0,0,0,0,0,0,0,0,0,1
DG(14:0_18:1),0,0,0,0,0,0,0,0,0,1
DG(16:0_16:1),0,0,0,0,0,0,0,0,0,1
DG(16:0_18:1),0,0,0,0,0,0,0,0,0,1
Hex2Cer(d18:1/20:0),0,0,0,0,0,0,0,0,0,1
TG(14:0_39:3),0,0,0,0,0,0,0,0,0,1
TG(17:2_36:4),0,0,0,0,0,0,0,0,0,1
TG(22:6_34:3),0,0,0,0,0,0,0,0,0,1
